,envelope,membrane,capsid,other
M,1.1424844715166929,0.6987733030570992,1.0439930364839831,0.9717023136030797
D,0.8090882704558303,0.6742190435060443,0.9935093282073854,1.0410754639137552
R,0.8632706713171835,0.853552561102184,0.9607964657118329,1.03307368823081
G,0.9626984822300159,1.67562278328181,1.0412822755601734,0.9911886387805349
A,0.8461438124625406,1.2193406218343488,1.1210406349705944,1.0080921926760391
V,1.2110118441953164,1.3234467694819825,1.0799675393664299,0.9447650007253795
F,0.9097198092725287,1.0457795761876494,0.956009344101652,1.0223401933488798
L,0.9395812862213487,1.249205954385428,1.080312948701214,0.9961314012744538
C,1.0848663785727672,1.0616521192268087,0.9777620621983345,0.9865315479759393
S,1.0376875676483257,0.6600638544813391,0.750943523107005,1.033442602406525
T,1.2234264453489951,0.6836993287466098,0.8848367133710183,0.9795830005714956
P,1.052886204555302,1.1730532635502973,0.9463622684848662,0.9953107253166185
K,1.0630538613033724,0.4057194772816109,0.5258920930064953,1.0645030748307367
W,1.404905770811546,1.8924312604710753,0.7100680729473065,0.9532055247821601
E,0.8542176175696317,0.496219403787315,0.8987842447641211,1.048794262094519
Q,0.9570727966900431,0.7024448238019755,1.1421264427576168,0.9920527148978122
H,1.0363451844146092,0.8598390996746171,1.1340732632436423,0.976205513996027
Y,1.2784150398581788,0.6618975866534699,1.1127536816114687,0.937238732779332
N,1.1301320789317684,0.4167344857145957,1.3219942814313077,0.9385047659358012
I,1.1922937397462692,0.58661351173838,0.9433115436788603,0.9784420209647574
