,envelope,membrane,capsid,other
M,0.019604147031102734,0.011990407673860911,0.017914110429447853,0.016673657718120804
D,0.043166823751178134,0.03597122302158273,0.05300613496932515,0.05554390380313199
R,0.07276154571159284,0.07194244604316546,0.08098159509202454,0.08707354586129754
G,0.07577756833176248,0.13189448441247004,0.08196319018404907,0.07802013422818792
A,0.10650329877474081,0.15347721822541965,0.1411042944785276,0.12688758389261745
V,0.08557964184731386,0.09352517985611511,0.07631901840490797,0.0667645413870246
F,0.03129123468426013,0.03597122302158273,0.032883435582822085,0.03516498881431767
L,0.09198868991517437,0.1223021582733813,0.10576687116564418,0.0975251677852349
C,0.019604147031102734,0.019184652278177457,0.017668711656441717,0.01782718120805369
S,0.0640904806786051,0.0407673860911271,0.046380368098159507,0.06382829977628636
T,0.07295004712535344,0.0407673860911271,0.05276073619631902,0.05841023489932886
P,0.09255419415645617,0.10311750599520383,0.08319018404907975,0.08749300894854586
K,0.01885014137606032,0.007194244604316547,0.009325153374233128,0.018875838926174497
W,0.016022620169651274,0.02158273381294964,0.008098159509202453,0.010871085011185682
E,0.0412818096135721,0.023980815347721823,0.04343558282208589,0.050685123042505595
Q,0.0294062205466541,0.02158273381294964,0.0350920245398773,0.03048098434004474
H,0.026013195098963243,0.02158273381294964,0.028466257668711657,0.02450363534675615
Y,0.03242224316682375,0.016786570743405275,0.02822085889570552,0.02376957494407159
N,0.026013195098963243,0.009592326139088728,0.030429447852760735,0.02160234899328859
I,0.03411875589066918,0.016786570743405275,0.026993865030674847,0.027999161073825503
